year,variable,total occurances of nan, total real values,percentage of nan
2000,angle,0,312872,0.0
2000,DIC,31772826,82738326,0.27746490577616406
2000,f,0,312872,0.0
2000,h,0,312872,0.0
2000,mask_rho,0,312872,0.0
2000,NO3,31772826,82738326,0.27746490577616406
2000,PCO2OC,31772826,82738326,0.27746490577616406
2000,pm,0,312872,0.0
2000,pn,0,312872,0.0
2000,salt,31772826,82738326,0.27746490577616406
2000,temp,31772826,82738326,0.27746490577616406
2000,TOT_CHL,31772826,82738326,0.27746490577616406
2000,u,31019964,83301600,0.27133956984703256
2000,v,31051440,83238648,0.27168970243508783
2000,w,31772826,82738326,0.27746490577616406
2000,zeta,31772826,82738326,0.27746490577616406
2000,spherical,0,1,0.0
2000,3d,0,1,0.0
2000,dx,0,312872,0.0
2000,dx_u,0,312354,0.0
2000,dx_v,0,312268,0.0
2000,dx_psi,0,311751,0.0
2000,dy,0,312872,0.0
2000,dy_u,0,312354,0.0
2000,dy_v,0,312268,0.0
2000,dy_psi,0,311751,0.0
2000,dA,0,312872,0.0
2000,rho0,0,1,0.0
2001,angle,312872,0,1.0
2001,DIC,32590259,81608021,0.28538309858957595
2001,f,312872,0,1.0
2001,h,312872,0,1.0
2001,mask_rho,312872,0,1.0
2001,NO3,114198280,0,1.0
2001,PCO2OC,114198280,0,1.0
2001,pm,312872,0,1.0
2001,pn,312872,0,1.0
2001,salt,114198280,0,1.0
2001,temp,114198280,0,1.0
2001,TOT_CHL,114198280,0,1.0
2001,u,114009210,0,1.0
2001,v,52344832,61632988,0.45925454619153094
2001,w,114198280,0,1.0
2001,zeta,114198280,0,1.0
2001,spherical,0,1,0.0
2001,3d,0,1,0.0
2001,dx,312872,0,1.0
2001,dx_u,312354,0,1.0
2001,dx_v,312268,0,1.0
2001,dx_psi,311751,0,1.0
2001,dy,312872,0,1.0
2001,dy_u,312354,0,1.0
2001,dy_v,312268,0,1.0
2001,dy_psi,311751,0,1.0
2001,dA,312872,0,1.0
2001,rho0,0,1,0.0
2002,angle,0,312872,0.0
2002,DIC,31686015,82512265,0.27746490577616406
2002,f,0,312872,0.0
2002,h,0,312872,0.0
2002,mask_rho,0,312872,0.0
2002,NO3,31686015,82512265,0.27746490577616406
2002,PCO2OC,31686015,82512265,0.27746490577616406
2002,pm,0,312872,0.0
2002,pn,0,312872,0.0
2002,salt,31686015,82512265,0.27746490577616406
2002,temp,31686015,82512265,0.27746490577616406
2002,TOT_CHL,31686015,82512265,0.27746490577616406
2002,u,30935210,83074000,0.27133956984703256
2002,v,30966600,83011220,0.27168970243508783
2002,w,31686015,82512265,0.27746490577616406
2002,zeta,31686015,82512265,0.27746490577616406
2002,spherical,0,1,0.0
2002,3d,0,1,0.0
2002,dx,0,312872,0.0
2002,dx_u,0,312354,0.0
2002,dx_v,0,312268,0.0
2002,dx_psi,0,311751,0.0
2002,dy,0,312872,0.0
2002,dy_u,0,312354,0.0
2002,dy_v,0,312268,0.0
2002,dy_psi,0,311751,0.0
2002,dA,0,312872,0.0
2002,rho0,0,1,0.0
2003,angle,0,312872,0.0
2003,DIC,31686015,82512265,0.27746490577616406
2003,f,0,312872,0.0
2003,h,0,312872,0.0
2003,mask_rho,0,312872,0.0
2003,NO3,31686015,82512265,0.27746490577616406
2003,PCO2OC,31686015,82512265,0.27746490577616406
2003,pm,0,312872,0.0
2003,pn,0,312872,0.0
2003,salt,31686015,82512265,0.27746490577616406
2003,temp,31686015,82512265,0.27746490577616406
2003,TOT_CHL,31686015,82512265,0.27746490577616406
2003,u,30935210,83074000,0.27133956984703256
2003,v,30966600,83011220,0.27168970243508783
2003,w,31686015,82512265,0.27746490577616406
2003,zeta,31686015,82512265,0.27746490577616406
2003,spherical,0,1,0.0
2003,3d,0,1,0.0
2003,dx,0,312872,0.0
2003,dx_u,0,312354,0.0
2003,dx_v,0,312268,0.0
2003,dx_psi,0,311751,0.0
2003,dy,0,312872,0.0
2003,dy_u,0,312354,0.0
2003,dy_v,0,312268,0.0
2003,dy_psi,0,311751,0.0
2003,dA,0,312872,0.0
2003,rho0,0,1,0.0
2004,angle,0,312872,0.0
2004,DIC,31772826,82738326,0.27746490577616406
2004,f,0,312872,0.0
2004,h,0,312872,0.0
2004,mask_rho,0,312872,0.0
2004,NO3,31772826,82738326,0.27746490577616406
2004,PCO2OC,31772826,82738326,0.27746490577616406
2004,pm,0,312872,0.0
2004,pn,0,312872,0.0
2004,salt,31772826,82738326,0.27746490577616406
2004,temp,31772826,82738326,0.27746490577616406
2004,TOT_CHL,31772826,82738326,0.27746490577616406
2004,u,31019964,83301600,0.27133956984703256
2004,v,31051440,83238648,0.27168970243508783
2004,w,31772826,82738326,0.27746490577616406
2004,zeta,31772826,82738326,0.27746490577616406
2004,spherical,0,1,0.0
2004,3d,0,1,0.0
2004,dx,0,312872,0.0
2004,dx_u,0,312354,0.0
2004,dx_v,0,312268,0.0
2004,dx_psi,0,311751,0.0
2004,dy,0,312872,0.0
2004,dy_u,0,312354,0.0
2004,dy_v,0,312268,0.0
2004,dy_psi,0,311751,0.0
2004,dA,0,312872,0.0
2004,rho0,0,1,0.0
2005,angle,0,312872,0.0
2005,DIC,31686015,82512265,0.27746490577616406
2005,f,0,312872,0.0
2005,h,0,312872,0.0
2005,mask_rho,0,312872,0.0
2005,NO3,31686015,82512265,0.27746490577616406
2005,PCO2OC,31686015,82512265,0.27746490577616406
2005,pm,0,312872,0.0
2005,pn,0,312872,0.0
2005,salt,31686015,82512265,0.27746490577616406
2005,temp,31686015,82512265,0.27746490577616406
2005,TOT_CHL,31686015,82512265,0.27746490577616406
2005,u,30935210,83074000,0.27133956984703256
2005,v,30966600,83011220,0.27168970243508783
2005,w,31686015,82512265,0.27746490577616406
2005,zeta,31686015,82512265,0.27746490577616406
2005,spherical,0,1,0.0
2005,3d,0,1,0.0
2005,dx,0,312872,0.0
2005,dx_u,0,312354,0.0
2005,dx_v,0,312268,0.0
2005,dx_psi,0,311751,0.0
2005,dy,0,312872,0.0
2005,dy_u,0,312354,0.0
2005,dy_v,0,312268,0.0
2005,dy_psi,0,311751,0.0
2005,dA,0,312872,0.0
2005,rho0,0,1,0.0
2006,angle,0,312872,0.0
2006,DIC,31686015,82512265,0.27746490577616406
2006,f,0,312872,0.0
2006,h,0,312872,0.0
2006,mask_rho,0,312872,0.0
2006,NO3,31686015,82512265,0.27746490577616406
2006,PCO2OC,31686015,82512265,0.27746490577616406
2006,pm,0,312872,0.0
2006,pn,0,312872,0.0
2006,salt,31686015,82512265,0.27746490577616406
2006,temp,31686015,82512265,0.27746490577616406
2006,TOT_CHL,31686015,82512265,0.27746490577616406
2006,u,30935210,83074000,0.27133956984703256
2006,v,30966600,83011220,0.27168970243508783
2006,w,31686015,82512265,0.27746490577616406
2006,zeta,31686015,82512265,0.27746490577616406
2006,spherical,0,1,0.0
2006,3d,0,1,0.0
2006,dx,0,312872,0.0
2006,dx_u,0,312354,0.0
2006,dx_v,0,312268,0.0
2006,dx_psi,0,311751,0.0
2006,dy,0,312872,0.0
2006,dy_u,0,312354,0.0
2006,dy_v,0,312268,0.0
2006,dy_psi,0,311751,0.0
2006,dA,0,312872,0.0
2006,rho0,0,1,0.0
2007,angle,0,312872,0.0
2007,DIC,31686015,82512265,0.27746490577616406
2007,f,0,312872,0.0
2007,h,0,312872,0.0
2007,mask_rho,0,312872,0.0
2007,NO3,31686015,82512265,0.27746490577616406
2007,PCO2OC,31686015,82512265,0.27746490577616406
2007,pm,0,312872,0.0
2007,pn,0,312872,0.0
2007,salt,31686015,82512265,0.27746490577616406
2007,temp,31686015,82512265,0.27746490577616406
2007,TOT_CHL,31686015,82512265,0.27746490577616406
2007,u,30935210,83074000,0.27133956984703256
2007,v,30966600,83011220,0.27168970243508783
2007,w,31686015,82512265,0.27746490577616406
2007,zeta,31686015,82512265,0.27746490577616406
2007,spherical,0,1,0.0
2007,3d,0,1,0.0
2007,dx,0,312872,0.0
2007,dx_u,0,312354,0.0
2007,dx_v,0,312268,0.0
2007,dx_psi,0,311751,0.0
2007,dy,0,312872,0.0
2007,dy_u,0,312354,0.0
2007,dy_v,0,312268,0.0
2007,dy_psi,0,311751,0.0
2007,dA,0,312872,0.0
2007,rho0,0,1,0.0
2008,angle,0,312872,0.0
2008,DIC,31772826,82738326,0.27746490577616406
2008,f,0,312872,0.0
2008,h,0,312872,0.0
2008,mask_rho,0,312872,0.0
2008,NO3,31772826,82738326,0.27746490577616406
2008,PCO2OC,31772826,82738326,0.27746490577616406
2008,pm,0,312872,0.0
2008,pn,0,312872,0.0
2008,salt,31772826,82738326,0.27746490577616406
2008,temp,31772826,82738326,0.27746490577616406
2008,TOT_CHL,31772826,82738326,0.27746490577616406
2008,u,31019964,83301600,0.27133956984703256
2008,v,31051440,83238648,0.27168970243508783
2008,w,31772826,82738326,0.27746490577616406
2008,zeta,31772826,82738326,0.27746490577616406
2008,spherical,0,1,0.0
2008,3d,0,1,0.0
2008,dx,0,312872,0.0
2008,dx_u,0,312354,0.0
2008,dx_v,0,312268,0.0
2008,dx_psi,0,311751,0.0
2008,dy,0,312872,0.0
2008,dy_u,0,312354,0.0
2008,dy_v,0,312268,0.0
2008,dy_psi,0,311751,0.0
2008,dA,0,312872,0.0
2008,rho0,0,1,0.0
2009,angle,0,312872,0.0
2009,DIC,31686015,82512265,0.27746490577616406
2009,f,0,312872,0.0
2009,h,0,312872,0.0
2009,mask_rho,0,312872,0.0
2009,NO3,31686015,82512265,0.27746490577616406
2009,PCO2OC,31686015,82512265,0.27746490577616406
2009,pm,0,312872,0.0
2009,pn,0,312872,0.0
2009,salt,31686015,82512265,0.27746490577616406
2009,temp,31686015,82512265,0.27746490577616406
2009,TOT_CHL,31686015,82512265,0.27746490577616406
2009,u,30935210,83074000,0.27133956984703256
2009,v,30966600,83011220,0.27168970243508783
2009,w,31686015,82512265,0.27746490577616406
2009,zeta,31686015,82512265,0.27746490577616406
2009,spherical,0,1,0.0
2009,3d,0,1,0.0
2009,dx,0,312872,0.0
2009,dx_u,0,312354,0.0
2009,dx_v,0,312268,0.0
2009,dx_psi,0,311751,0.0
2009,dy,0,312872,0.0
2009,dy_u,0,312354,0.0
2009,dy_v,0,312268,0.0
2009,dy_psi,0,311751,0.0
2009,dA,0,312872,0.0
2009,rho0,0,1,0.0
2010,angle,0,312872,0.0
2010,DIC,31686015,82512265,0.27746490577616406
2010,f,0,312872,0.0
2010,h,0,312872,0.0
2010,mask_rho,0,312872,0.0
2010,NO3,31686015,82512265,0.27746490577616406
2010,PCO2OC,31686015,82512265,0.27746490577616406
2010,pm,0,312872,0.0
2010,pn,0,312872,0.0
2010,salt,31686015,82512265,0.27746490577616406
2010,temp,31686015,82512265,0.27746490577616406
2010,TOT_CHL,31686015,82512265,0.27746490577616406
2010,u,30935210,83074000,0.27133956984703256
2010,v,30966600,83011220,0.27168970243508783
2010,w,31686015,82512265,0.27746490577616406
2010,zeta,31686015,82512265,0.27746490577616406
2010,spherical,0,1,0.0
2010,3d,0,1,0.0
2010,dx,0,312872,0.0
2010,dx_u,0,312354,0.0
2010,dx_v,0,312268,0.0
2010,dx_psi,0,311751,0.0
2010,dy,0,312872,0.0
2010,dy_u,0,312354,0.0
2010,dy_v,0,312268,0.0
2010,dy_psi,0,311751,0.0
2010,dA,0,312872,0.0
2010,rho0,0,1,0.0
2011,angle,0,312872,0.0
2011,DIC,31686015,82512265,0.27746490577616406
2011,f,0,312872,0.0
2011,h,0,312872,0.0
2011,mask_rho,0,312872,0.0
2011,NO3,31686015,82512265,0.27746490577616406
2011,PCO2OC,31686015,82512265,0.27746490577616406
2011,pm,0,312872,0.0
2011,pn,0,312872,0.0
2011,salt,31686015,82512265,0.27746490577616406
2011,temp,31686015,82512265,0.27746490577616406
2011,TOT_CHL,31686015,82512265,0.27746490577616406
2011,u,30935210,83074000,0.27133956984703256
2011,v,30966600,83011220,0.27168970243508783
2011,w,31686015,82512265,0.27746490577616406
2011,zeta,31686015,82512265,0.27746490577616406
2011,spherical,0,1,0.0
2011,3d,0,1,0.0
2011,dx,0,312872,0.0
2011,dx_u,0,312354,0.0
2011,dx_v,0,312268,0.0
2011,dx_psi,0,311751,0.0
2011,dy,0,312872,0.0
2011,dy_u,0,312354,0.0
2011,dy_v,0,312268,0.0
2011,dy_psi,0,311751,0.0
2011,dA,0,312872,0.0
2011,rho0,0,1,0.0
2012,angle,0,312872,0.0
2012,DIC,31772826,82738326,0.27746490577616406
2012,f,0,312872,0.0
2012,h,0,312872,0.0
2012,mask_rho,0,312872,0.0
2012,NO3,31772826,82738326,0.27746490577616406
2012,PCO2OC,31772826,82738326,0.27746490577616406
2012,pm,0,312872,0.0
2012,pn,0,312872,0.0
2012,salt,31772826,82738326,0.27746490577616406
2012,temp,31772826,82738326,0.27746490577616406
2012,TOT_CHL,31772826,82738326,0.27746490577616406
2012,u,31019964,83301600,0.27133956984703256
2012,v,31051440,83238648,0.27168970243508783
2012,w,31772826,82738326,0.27746490577616406
2012,zeta,31772826,82738326,0.27746490577616406
2012,spherical,0,1,0.0
2012,3d,0,1,0.0
2012,dx,0,312872,0.0
2012,dx_u,0,312354,0.0
2012,dx_v,0,312268,0.0
2012,dx_psi,0,311751,0.0
2012,dy,0,312872,0.0
2012,dy_u,0,312354,0.0
2012,dy_v,0,312268,0.0
2012,dy_psi,0,311751,0.0
2012,dA,0,312872,0.0
2012,rho0,0,1,0.0
2013,angle,0,312872,0.0
2013,DIC,31686015,82512265,0.27746490577616406
2013,f,0,312872,0.0
2013,h,0,312872,0.0
2013,mask_rho,0,312872,0.0
2013,NO3,31686015,82512265,0.27746490577616406
2013,PCO2OC,31686015,82512265,0.27746490577616406
2013,pm,0,312872,0.0
2013,pn,0,312872,0.0
2013,salt,31686015,82512265,0.27746490577616406
2013,temp,31686015,82512265,0.27746490577616406
2013,TOT_CHL,31686015,82512265,0.27746490577616406
2013,u,30935210,83074000,0.27133956984703256
2013,v,30966600,83011220,0.27168970243508783
2013,w,31686015,82512265,0.27746490577616406
2013,zeta,31686015,82512265,0.27746490577616406
2013,spherical,0,1,0.0
2013,3d,0,1,0.0
2013,dx,0,312872,0.0
2013,dx_u,0,312354,0.0
2013,dx_v,0,312268,0.0
2013,dx_psi,0,311751,0.0
2013,dy,0,312872,0.0
2013,dy_u,0,312354,0.0
2013,dy_v,0,312268,0.0
2013,dy_psi,0,311751,0.0
2013,dA,0,312872,0.0
2013,rho0,0,1,0.0
2014,angle,0,312872,0.0
2014,DIC,31686015,82512265,0.27746490577616406
2014,f,0,312872,0.0
2014,h,0,312872,0.0
2014,mask_rho,0,312872,0.0
2014,NO3,31686015,82512265,0.27746490577616406
2014,PCO2OC,31686015,82512265,0.27746490577616406
2014,pm,0,312872,0.0
2014,pn,0,312872,0.0
2014,salt,31686015,82512265,0.27746490577616406
2014,temp,31686015,82512265,0.27746490577616406
2014,TOT_CHL,31686015,82512265,0.27746490577616406
2014,u,30935210,83074000,0.27133956984703256
2014,v,30966600,83011220,0.27168970243508783
2014,w,31686015,82512265,0.27746490577616406
2014,zeta,31686015,82512265,0.27746490577616406
2014,spherical,0,1,0.0
2014,3d,0,1,0.0
2014,dx,0,312872,0.0
2014,dx_u,0,312354,0.0
2014,dx_v,0,312268,0.0
2014,dx_psi,0,311751,0.0
2014,dy,0,312872,0.0
2014,dy_u,0,312354,0.0
2014,dy_v,0,312268,0.0
2014,dy_psi,0,311751,0.0
2014,dA,0,312872,0.0
2014,rho0,0,1,0.0
2015,angle,0,312872,0.0
2015,DIC,31686015,82512265,0.27746490577616406
2015,f,0,312872,0.0
2015,h,0,312872,0.0
2015,mask_rho,0,312872,0.0
2015,NO3,31686015,82512265,0.27746490577616406
2015,PCO2OC,31686015,82512265,0.27746490577616406
2015,pm,0,312872,0.0
2015,pn,0,312872,0.0
2015,salt,31686015,82512265,0.27746490577616406
2015,temp,31686015,82512265,0.27746490577616406
2015,TOT_CHL,31686015,82512265,0.27746490577616406
2015,u,30935210,83074000,0.27133956984703256
2015,v,30966600,83011220,0.27168970243508783
2015,w,31686015,82512265,0.27746490577616406
2015,zeta,31686015,82512265,0.27746490577616406
2015,spherical,0,1,0.0
2015,3d,0,1,0.0
2015,dx,0,312872,0.0
2015,dx_u,0,312354,0.0
2015,dx_v,0,312268,0.0
2015,dx_psi,0,311751,0.0
2015,dy,0,312872,0.0
2015,dy_u,0,312354,0.0
2015,dy_v,0,312268,0.0
2015,dy_psi,0,311751,0.0
2015,dA,0,312872,0.0
2015,rho0,0,1,0.0
2016,angle,0,312872,0.0
2016,DIC,31772826,82738326,0.27746490577616406
2016,f,0,312872,0.0
2016,h,0,312872,0.0
2016,mask_rho,0,312872,0.0
2016,NO3,31772826,82738326,0.27746490577616406
2016,PCO2OC,31772826,82738326,0.27746490577616406
2016,pm,0,312872,0.0
2016,pn,0,312872,0.0
2016,salt,31772826,82738326,0.27746490577616406
2016,temp,31772826,82738326,0.27746490577616406
2016,TOT_CHL,31772826,82738326,0.27746490577616406
2016,u,31019964,83301600,0.27133956984703256
2016,v,31051440,83238648,0.27168970243508783
2016,w,31772826,82738326,0.27746490577616406
2016,zeta,31772826,82738326,0.27746490577616406
2016,spherical,0,1,0.0
2016,3d,0,1,0.0
2016,dx,0,312872,0.0
2016,dx_u,0,312354,0.0
2016,dx_v,0,312268,0.0
2016,dx_psi,0,311751,0.0
2016,dy,0,312872,0.0
2016,dy_u,0,312354,0.0
2016,dy_v,0,312268,0.0
2016,dy_psi,0,311751,0.0
2016,dA,0,312872,0.0
2016,rho0,0,1,0.0
2017,angle,0,312872,0.0
2017,DIC,31686015,82512265,0.27746490577616406
2017,f,0,312872,0.0
2017,h,0,312872,0.0
2017,mask_rho,0,312872,0.0
2017,NO3,31686015,82512265,0.27746490577616406
2017,PCO2OC,31686015,82512265,0.27746490577616406
2017,pm,0,312872,0.0
2017,pn,0,312872,0.0
2017,salt,31686015,82512265,0.27746490577616406
2017,temp,31686015,82512265,0.27746490577616406
2017,TOT_CHL,31686015,82512265,0.27746490577616406
2017,u,30935210,83074000,0.27133956984703256
2017,v,30966600,83011220,0.27168970243508783
2017,w,31686015,82512265,0.27746490577616406
2017,zeta,31686015,82512265,0.27746490577616406
2017,spherical,0,1,0.0
2017,3d,0,1,0.0
2017,dx,0,312872,0.0
2017,dx_u,0,312354,0.0
2017,dx_v,0,312268,0.0
2017,dx_psi,0,311751,0.0
2017,dy,0,312872,0.0
2017,dy_u,0,312354,0.0
2017,dy_v,0,312268,0.0
2017,dy_psi,0,311751,0.0
2017,dA,0,312872,0.0
2017,rho0,0,1,0.0
2018,angle,0,312872,0.0
2018,DIC,31686015,82512265,0.27746490577616406
2018,f,0,312872,0.0
2018,h,0,312872,0.0
2018,mask_rho,0,312872,0.0
2018,NO3,31686015,82512265,0.27746490577616406
2018,PCO2OC,31686015,82512265,0.27746490577616406
2018,pm,0,312872,0.0
2018,pn,0,312872,0.0
2018,salt,31686015,82512265,0.27746490577616406
2018,temp,31686015,82512265,0.27746490577616406
2018,TOT_CHL,31686015,82512265,0.27746490577616406
2018,u,30935210,83074000,0.27133956984703256
2018,v,30966600,83011220,0.27168970243508783
2018,w,31686015,82512265,0.27746490577616406
2018,zeta,31686015,82512265,0.27746490577616406
2018,spherical,0,1,0.0
2018,3d,0,1,0.0
2018,dx,0,312872,0.0
2018,dx_u,0,312354,0.0
2018,dx_v,0,312268,0.0
2018,dx_psi,0,311751,0.0
2018,dy,0,312872,0.0
2018,dy_u,0,312354,0.0
2018,dy_v,0,312268,0.0
2018,dy_psi,0,311751,0.0
2018,dA,0,312872,0.0
2018,rho0,0,1,0.0
2019,angle,0,312872,0.0
2019,DIC,31686015,82512265,0.27746490577616406
2019,f,0,312872,0.0
2019,h,0,312872,0.0
2019,mask_rho,0,312872,0.0
2019,NO3,31686015,82512265,0.27746490577616406
2019,PCO2OC,31686015,82512265,0.27746490577616406
2019,pm,0,312872,0.0
2019,pn,0,312872,0.0
2019,salt,31686015,82512265,0.27746490577616406
2019,temp,31686015,82512265,0.27746490577616406
2019,TOT_CHL,31686015,82512265,0.27746490577616406
2019,u,30935210,83074000,0.27133956984703256
2019,v,30966600,83011220,0.27168970243508783
2019,w,31686015,82512265,0.27746490577616406
2019,zeta,31686015,82512265,0.27746490577616406
2019,spherical,0,1,0.0
2019,3d,0,1,0.0
2019,dx,0,312872,0.0
2019,dx_u,0,312354,0.0
2019,dx_v,0,312268,0.0
2019,dx_psi,0,311751,0.0
2019,dy,0,312872,0.0
2019,dy_u,0,312354,0.0
2019,dy_v,0,312268,0.0
2019,dy_psi,0,311751,0.0
2019,dA,0,312872,0.0
2019,rho0,0,1,0.0
