year,variable,mean,median,min,max,standard deviation,Q1,Q3,Interquartile
2000,u,-0.017789897,-0.0055385907,-2.1866329,2.1411433,0.18376958,-0.090975806,0.070386454,0.16136226
2000,v,-0.0010467112,0.0,-1.8718715,2.4021225,0.16355799,-0.079217024,0.07857827,0.1577953
2000,w,1.9485643e-08,-1.0794092e-09,-0.00018505298,9.352046e-05,2.2551333e-06,-5.661468e-07,6.04042e-07,1.1701889e-06
2000,temp,18.502562,19.388878,-1.9936993,32.199055,7.5994196,12.964645,25.167732,12.203087
2000,salt,33.95235,34.031902,12.363824,37.04908,1.115211,33.154198,34.734024,1.5798264
2000,zeta,-0.116824955,-0.12173891,-2.0834253,1.0819765,0.3027639,-0.27811688,0.038371846,0.31648874
2000,NO3,5.087772,3.1120977,-12.162755,119.56495,6.3798757,0.28812957,7.175265,6.8871355
2000,DIC,2048.7456,2046.943,824.37933,2353.8953,59.054512,2019.2115,2075.6606,56.449097
2000,PCO2OC,366.3347,360.6623,0.0,1241.0406,43.86074,342.40692,386.91437,44.507446
2000,TOT_CHL,0.44187889,0.13030861,-5.6521115,39.91455,1.4462218,0.09679461,0.17980736,0.08301275
2001,u,-0.017442223,-0.0052085845,-2.4003031,2.0871804,0.1847112,-0.089961745,0.070214905,0.16017665
2001,v,0.00065998046,0.0,-1.9650086,1.8527842,0.16342802,-0.07797915,0.07919413,0.15717328
2001,w,1.6533622e-08,-3.1017658e-10,-0.0002159629,0.00010623587,2.2773659e-06,-5.8036136e-07,6.157571e-07,1.1961184e-06
2001,temp,18.573149,19.423267,-1.959609,32.061382,7.6836734,12.795419,25.422136,12.626718
2001,salt,33.944134,34.027905,12.286286,37.044422,1.0988611,33.17325,34.71821,1.54496
2001,zeta,-0.10303689,-0.1034359,-1.6980938,1.1969591,0.30298626,-0.26094136,0.05439394,0.3153353
2001,NO3,5.3351574,3.647914,-11.960064,96.4216,6.362836,0.33962622,7.6544747,7.3148484
2001,DIC,2048.8616,2047.6085,808.192,2346.1157,59.16791,2017.3704,2076.5095,59.13916
2001,PCO2OC,367.52167,360.93918,0.0,1212.2262,43.86094,344.8301,386.2285,41.398376
2001,TOT_CHL,0.3985611,0.13021335,-4.935403,39.272007,1.3573228,0.09919012,0.1727978,0.073607676
2002,u,-0.013967998,-0.004392883,-2.3377461,2.098864,0.18364906,-0.089797415,0.072791666,0.16258907
2002,v,0.0024226615,0.0,-2.0256968,2.1472726,0.16612193,-0.077676326,0.080454946,0.15813127
2002,w,1.4649212e-08,-1.4414059e-10,-0.00018370169,0.00011116332,2.3151758e-06,-5.8857046e-07,6.274857e-07,1.2160561e-06
2002,temp,18.66877,19.261282,-1.87463,32.797523,7.6355443,13.057654,25.522474,12.46482
2002,salt,33.92508,34.017376,12.5177965,37.23923,1.1036723,33.140182,34.691776,1.5515938
2002,zeta,-0.07615375,-0.067803875,-1.7834647,1.2253594,0.30054498,-0.2345434,0.086789496,0.3213329
2002,NO3,5.246995,3.34445,-11.986518,101.57667,6.4193163,0.34967506,7.4930353,7.14336
2002,DIC,2047.3759,2047.6742,826.54553,2363.6987,59.29669,2014.5514,2073.4421,58.890747
2002,PCO2OC,367.02344,360.69687,0.0,1281.9008,43.25403,344.69138,385.6701,40.97873
2002,TOT_CHL,0.42627835,0.13020556,-6.3267403,39.776676,1.3853353,0.10039483,0.17509349,0.07469866
2003,u,-0.020334953,-0.005143471,-2.1950555,2.072406,0.19547257,-0.0927083,0.07268076,0.16538906
2003,v,-0.0010337156,0.0,-1.9701093,2.276241,0.17085578,-0.08097529,0.080336526,0.1613118
2003,w,1.8607361e-08,2.7244886e-09,-0.00018075135,0.00010652905,2.352233e-06,-5.945181e-07,6.40385e-07,1.234903e-06
2003,temp,18.787336,19.464205,-1.8750501,32.18559,7.466582,13.342786,25.376957,12.034171
2003,salt,33.895702,33.962433,10.466757,37.4545,1.1220691,33.07402,34.68121,1.6071892
2003,zeta,-0.06889597,-0.067335606,-1.8299489,1.1803395,0.3006025,-0.22104602,0.09495845,0.31600446
2003,NO3,5.069497,3.0451803,-12.183127,142.7682,6.506067,0.30637527,7.323107,7.0167313
2003,DIC,2045.5297,2044.666,677.8502,2388.046,60.582375,2011.6191,2074.365,62.74585
2003,PCO2OC,367.76807,361.48203,0.0,1538.7163,42.029106,346.4438,384.68628,38.242493
2003,TOT_CHL,0.41148642,0.13077673,-10.353225,41.67321,1.4217864,0.09993937,0.17479157,0.074852206
2004,u,-0.016110204,-0.0042124586,-1.9615353,2.1308663,0.18780436,-0.09116095,0.07452909,0.16569003
2004,v,0.0013294185,0.0,-1.8245579,2.1847954,0.1664083,-0.07902279,0.08094752,0.15997031
2004,w,1.460943e-08,-7.392868e-10,-0.00023891838,8.861555e-05,2.2792112e-06,-5.992015e-07,6.331921e-07,1.2323935e-06
2004,temp,18.926685,19.687737,-1.8814813,32.110115,7.472528,13.592495,25.506649,11.914154
2004,salt,33.909714,33.99816,12.406701,37.37545,1.1248846,33.10563,34.696144,1.5905151
2004,zeta,-0.06834127,-0.0616047,-2.0952945,1.2340673,0.2992989,-0.2222209,0.093756884,0.31597778
2004,NO3,5.0482187,2.971479,-16.170027,170.01254,6.5177097,0.20988873,7.29773,7.087841
2004,DIC,2046.8236,2045.312,830.1036,2365.5735,60.434036,2013.5741,2075.9314,62.3573
2004,PCO2OC,371.27158,365.21005,0.0,1216.3256,41.43309,349.2731,390.0126,40.739502
2004,TOT_CHL,0.37268987,0.12948671,-6.8596735,36.326565,1.2190506,0.09855975,0.17102492,0.07246517
2005,u,-0.019893609,-0.0033159037,-2.229322,2.0363708,0.19167411,-0.089153565,0.0722555,0.16140907
2005,v,-0.0014384781,0.0,-1.7221714,2.1979606,0.16718441,-0.07974129,0.078776404,0.15851769
2005,w,1.7693383e-08,2.2666966e-09,-0.00018556607,0.00010953899,2.2375464e-06,-5.719152e-07,6.147868e-07,1.1867021e-06
2005,temp,18.888725,19.48859,-1.8817456,32.386753,7.4042015,13.671766,25.393637,11.72187
2005,salt,33.915375,34.003525,10.781524,37.70697,1.1258286,33.11258,34.69661,1.5840302
2005,zeta,-0.07300066,-0.06476184,-2.9790876,1.2860901,0.29708153,-0.22542469,0.07989912,0.3053238
2005,NO3,4.8502345,2.7247355,-26.623386,222.37762,6.3749714,0.19774209,6.9636173,6.7658753
2005,DIC,2047.3688,2045.2754,710.9951,2352.3506,59.70773,2015.4806,2075.78,60.29944
2005,PCO2OC,370.85553,365.19388,0.0,1494.1033,41.811203,349.4668,388.71643,39.249634
2005,TOT_CHL,0.37514612,0.12888896,-6.9349303,38.565666,1.2892612,0.09798592,0.16990365,0.07191773
2006,u,-0.014029245,-0.00238306,-1.9977454,2.177561,0.18260816,-0.08859324,0.07454358,0.16313681
2006,v,-0.00016956414,0.0,-1.9823749,2.1060271,0.1630211,-0.079406664,0.0786717,0.15807837
2006,w,1.5673628e-08,-4.2983606e-11,-0.00023411405,9.20696e-05,2.27435e-06,-5.886351e-07,6.299064e-07,1.2185415e-06
2006,temp,18.68591,19.380621,-1.9008514,32.548496,7.6101303,13.087547,25.47925,12.391703
2006,salt,33.927067,34.003994,11.603396,37.707973,1.113746,33.114197,34.714905,1.600708
2006,zeta,-0.086355105,-0.08135398,-1.9669199,1.2588524,0.29950097,-0.24216801,0.07063691,0.31280494
2006,NO3,5.065439,3.1310842,-26.33621,208.8222,6.3096085,0.2552609,7.3507776,7.0955167
2006,DIC,2052.1924,2050.6938,786.98517,2353.3608,58.626274,2022.6997,2080.3162,57.616455
2006,PCO2OC,374.69226,369.25815,0.0,1217.9576,41.797768,352.9877,393.67047,40.68277
2006,TOT_CHL,0.40470973,0.13004641,-7.3740134,42.97107,1.334413,0.09892952,0.17337549,0.07444597
2007,u,-0.022408018,-0.0051296023,-2.3417046,2.1963975,0.19834241,-0.090973094,0.07114244,0.16211554
2007,v,-0.0032485721,0.0,-1.7873411,2.0398753,0.16825058,-0.08170502,0.07738971,0.15909472
2007,w,2.3201588e-08,1.8109302e-09,-0.00019504144,0.000115728064,2.3879354e-06,-5.8908955e-07,6.3673514e-07,1.2258247e-06
2007,temp,18.395567,19.074635,-1.8836447,32.120365,7.635269,12.708471,25.17639,12.467918
2007,salt,33.927948,34.006092,12.500807,37.103226,1.1287227,33.113457,34.72124,1.6077843
2007,zeta,-0.09535241,-0.09190408,-2.0053465,1.2796962,0.3013534,-0.25692913,0.06586646,0.3227956
2007,NO3,5.335336,3.5278804,-10.712439,178.19397,6.3625245,0.3612365,7.712558,7.351321
2007,DIC,2055.9312,2056.446,824.6609,2373.2764,60.14197,2023.1311,2085.878,62.746826
2007,PCO2OC,375.5524,370.64597,0.0,1304.6569,44.333088,353.48578,394.34546,40.85968
2007,TOT_CHL,0.43138057,0.13110961,-6.5153933,41.517483,1.4414334,0.09981268,0.17672747,0.076914795
2008,u,-0.01639643,-0.0037772255,-2.4479992,2.1191618,0.1927419,-0.08915289,0.07304443,0.16219732
2008,v,-0.0044366033,-0.00010200062,-1.9799131,2.201901,0.16622862,-0.08154931,0.07619394,0.15774325
2008,w,2.0969692e-08,2.2375617e-09,-0.00019193388,9.4668205e-05,2.3570312e-06,-5.9693707e-07,6.4127585e-07,1.2382129e-06
2008,temp,18.353567,19.290245,-1.9575012,32.512016,7.6929846,12.564909,25.209473,12.644564
2008,salt,33.944237,34.019753,13.861552,37.05472,1.1190263,33.128933,34.73972,1.6107864
2008,zeta,-0.11115752,-0.10515741,-1.8248947,1.1655257,0.30341953,-0.27178353,0.045076326,0.31685984
2008,NO3,5.549964,3.971613,-11.966749,136.79463,6.3897867,0.45135033,7.990294,7.538944
2008,DIC,2059.9663,2059.189,890.32715,2363.4604,58.943478,2028.9515,2089.2788,60.32727
2008,PCO2OC,379.8422,374.93552,0.0,1224.3667,44.08129,357.83365,400.5213,42.687653
2008,TOT_CHL,0.44862643,0.13232888,-7.7357497,41.630753,1.3957443,0.10038323,0.18510054,0.08471731
2009,u,-0.0122489305,-0.003497397,-2.063595,2.0720277,0.17625478,-0.08624954,0.07314156,0.1593911
2009,v,0.00026569638,0.0,-1.8935733,2.4498146,0.15936339,-0.07778316,0.076895885,0.15467905
2009,w,1.5155782e-08,-4.5918336e-09,-0.0001577804,0.00010135091,2.2741795e-06,-5.8560744e-07,6.1546467e-07,1.2010721e-06
2009,temp,18.756489,19.507584,-1.8768543,32.283867,7.7712564,13.056343,25.709158,12.652815
2009,salt,33.947582,34.019356,12.826589,37.05552,1.1171958,33.139828,34.72393,1.5841026
2009,zeta,-0.08906604,-0.07683937,-1.7508506,1.1635319,0.29823667,-0.2450073,0.07283232,0.31783962
2009,NO3,5.306323,3.532201,-10.404686,154.88469,6.4713855,0.37033284,7.4419885,7.0716558
2009,DIC,2056.7754,2057.5874,832.2192,2370.3362,59.6399,2025.9116,2085.5925,59.68091
2009,PCO2OC,380.7515,375.6041,0.0,1198.6821,42.551956,359.244,400.55756,41.31357
2009,TOT_CHL,0.40746263,0.12968715,-6.8109875,41.53517,1.3119357,0.09927951,0.17604448,0.07676497
2010,u,-0.02383753,-0.0037553008,-2.4844844,1.9898746,0.20995522,-0.09391892,0.07503727,0.16895619
2010,v,-0.0048127766,-0.0011779194,-1.9904934,2.4169943,0.17572299,-0.08404826,0.07794321,0.16199148
2010,w,2.2446509e-08,7.3734996e-09,-0.00016223517,9.8915094e-05,2.393692e-06,-5.8634845e-07,6.4321716e-07,1.2295657e-06
2010,temp,18.323114,18.906065,-1.873527,32.55201,7.555623,12.734951,24.97381,12.238859
2010,salt,33.92439,33.994137,11.698241,36.903824,1.1246692,33.106396,34.709694,1.6032982
2010,zeta,-0.0977262,-0.09525779,-1.8689508,1.2166327,0.3043852,-0.25656676,0.06889234,0.3254591
2010,NO3,5.336621,3.519149,-16.251753,146.4743,6.291464,0.4300923,7.8863645,7.456272
2010,DIC,2058.1074,2059.1284,784.01733,2376.33,60.64306,2024.969,2087.444,62.475098
2010,PCO2OC,379.7989,374.33685,0.0,1403.8312,43.983334,359.2194,397.51227,38.292877
2010,TOT_CHL,0.40998122,0.1321226,-11.1086645,46.159245,1.4192725,0.102651745,0.17368397,0.071032226
2011,u,-0.016957676,-0.00390452,-2.250488,2.2069545,0.19560643,-0.08881514,0.07254025,0.16135539
2011,v,-0.0033031746,-0.00040607396,-1.8083376,1.7904019,0.16717285,-0.08093751,0.07685203,0.15778954
2011,w,2.1281576e-08,4.4211004e-09,-0.00016189,0.000112604714,2.2929337e-06,-5.81445e-07,6.284913e-07,1.2099363e-06
2011,temp,18.288645,19.111351,-1.8792981,32.23831,7.57461,12.587169,24.984669,12.3975
2011,salt,33.943596,34.03713,12.838081,36.989445,1.1205896,33.13095,34.728817,1.597866
2011,zeta,-0.11615264,-0.11734421,-2.2188382,1.2321786,0.30417475,-0.28301248,0.04604967,0.32906216
2011,NO3,5.415545,3.7658725,-9.454617,134.05458,6.270777,0.3337402,7.9536853,7.619945
2011,DIC,2062.7686,2061.8435,863.347,2364.481,59.106647,2032.2767,2091.4368,59.160034
2011,PCO2OC,385.0364,380.15692,0.0,1463.5879,43.675484,363.5894,404.70398,41.114594
2011,TOT_CHL,0.4362728,0.13111013,-6.425907,38.79649,1.4046987,0.099716365,0.17966437,0.07994801
2012,u,-0.015062517,-0.0038950467,-2.1700392,2.1436472,0.18454528,-0.0880491,0.07261342,0.16066252
2012,v,-0.0010671425,0.0,-1.6577748,1.909238,0.16285883,-0.080283165,0.07767341,0.15795657
2012,w,1.981951e-08,3.0941112e-09,-0.0001775776,0.000101803555,2.2591594e-06,-5.7614943e-07,6.1936026e-07,1.1955096e-06
2012,temp,18.48159,19.212883,-1.8888676,32.55357,7.7249427,12.803555,25.379238,12.575684
2012,salt,33.948322,34.01511,11.522063,37.015305,1.1212599,33.14414,34.745087,1.6009483
2012,zeta,-0.108797476,-0.10660809,-2.058442,1.1418083,0.30188185,-0.26899254,0.051531054,0.3205236
2012,NO3,5.5588303,3.8986206,-10.399182,134.95189,6.503944,0.39114118,7.98011,7.588969
2012,DIC,2063.507,2063.501,777.94745,2361.95,59.091644,2034.1824,2092.3723,58.18994
2012,PCO2OC,387.3041,382.90033,0.0,1222.059,43.005207,366.04553,407.71994,41.674408
2012,TOT_CHL,0.4218164,0.1316661,-7.746369,39.782845,1.3398286,0.101130664,0.17725256,0.0761219
2013,u,-0.018279953,-0.0058738943,-2.4216144,1.9561557,0.18616928,-0.08915527,0.070439234,0.1595945
2013,v,-0.0033983234,-0.00044425842,-2.0419922,1.8206528,0.16558759,-0.08223446,0.074992634,0.1572271
2013,w,1.8332067e-08,-4.0760715e-09,-0.00020761514,0.00010399646,2.3435496e-06,-5.839359e-07,6.173383e-07,1.2012742e-06
2013,temp,18.696493,19.490887,-1.8748628,32.609108,7.559424,13.236154,25.337582,12.101428
2013,salt,33.94308,34.00883,11.339247,37.32358,1.1259844,33.158768,34.735676,1.5769081
2013,zeta,-0.09828052,-0.09815537,-1.7028135,1.2360988,0.3016355,-0.26322258,0.066538244,0.32976082
2013,NO3,5.3323274,3.6418824,-11.483425,159.12228,6.2713957,0.28761446,7.844898,7.557284
2013,DIC,2062.2576,2063.2651,765.3459,2371.1294,60.05214,2029.6068,2091.5503,61.94348
2013,PCO2OC,387.658,382.7604,0.0,1319.2045,46.899643,365.08386,408.4436,43.35974
2013,TOT_CHL,0.43245837,0.12983713,-6.927343,42.08727,1.4746075,0.09757115,0.17604788,0.07847673
2014,u,-0.015414637,-0.0048208106,-2.3871243,1.9764541,0.18764792,-0.08841669,0.0721072,0.16052389
2014,v,0.0020563034,0.0,-2.0699847,2.0360985,0.16373563,-0.076808676,0.07918048,0.15598916
2014,w,1.502072e-08,-4.347469e-10,-0.00018010887,0.00012851537,2.1804826e-06,-5.717783e-07,6.071074e-07,1.1788857e-06
2014,temp,19.25685,20.055588,-1.878533,32.489517,7.469948,14.023253,25.755762,11.732509
2014,salt,33.932735,34.01103,13.718931,37.226192,1.1252707,33.126263,34.71413,1.5878677
2014,zeta,-0.07401571,-0.06372898,-1.8076575,1.1717972,0.2924773,-0.2207513,0.084205255,0.30495656
2014,NO3,4.8954606,2.9873524,-27.970657,214.41481,6.078889,0.26462287,7.0668044,6.8021817
2014,DIC,2057.7324,2058.7522,887.39746,2351.3596,59.573658,2025.1622,2087.2036,62.04138
2014,PCO2OC,389.84335,384.85754,0.0,1196.13,41.105003,368.6714,408.3123,39.6409
2014,TOT_CHL,0.3683663,0.12921636,-6.646512,36.945595,1.2046053,0.09967909,0.17128667,0.07160758
2015,u,-0.009129027,-0.0034297993,-2.0151606,2.0369976,0.17504118,-0.08583468,0.0737482,0.15958288
2015,v,0.004342716,0.0,-2.0517037,1.9987694,0.16315614,-0.075875886,0.0792011,0.15507698
2015,w,1.070135e-08,-2.7381988e-09,-0.00015420448,9.5909534e-05,2.2180302e-06,-5.991513e-07,6.297111e-07,1.2288624e-06
2015,temp,19.614265,20.395126,-1.881852,32.266125,7.562084,14.309932,26.239965,11.930034
2015,salt,33.91446,33.967243,14.058109,37.498997,1.117639,33.132275,34.674465,1.5421906
2015,zeta,-0.038550206,-0.016737077,-1.6864514,1.1428268,0.28812122,-0.17574745,0.12106402,0.29681146
2015,NO3,4.5676136,2.5754316,-29.28143,220.83311,5.972673,0.23379144,6.4721956,6.2384043
2015,DIC,2053.0222,2052.1956,942.7332,2337.9294,61.113567,2019.6063,2083.7605,64.154175
2015,PCO2OC,390.25424,385.96146,0.0,1053.7023,38.4767,370.75504,408.3211,37.56607
2015,TOT_CHL,0.32074296,0.12750424,-6.9211907,40.08722,1.0979356,0.09981204,0.16466947,0.06485743
2016,u,-0.024681134,-0.004168038,-2.6216395,2.1519423,0.19704452,-0.09133381,0.0720838,0.16341761
2016,v,-0.001703584,0.0,-2.2921472,2.2938972,0.17245443,-0.081098974,0.07992341,0.1610224
2016,w,1.9010264e-08,3.2065244e-09,-0.00019934945,9.403491e-05,2.4139347e-06,-6.1194737e-07,6.611978e-07,1.2731452e-06
2016,temp,19.143871,19.837994,-1.8714116,32.7702,7.6236053,13.652171,25.923622,12.271451
2016,salt,33.92529,33.96365,15.853213,37.219685,1.1133275,33.12079,34.695957,1.5751686
2016,zeta,-0.05081475,-0.0335911,-2.0477781,1.2941883,0.295483,-0.20421416,0.119425565,0.32363972
2016,NO3,4.62562,2.620647,-9.960965,174.87798,5.9203973,0.1900613,6.634327,6.444266
2016,DIC,2057.018,2056.3955,1054.205,2357.5894,61.3404,2023.0183,2088.1326,65.11426
2016,PCO2OC,390.0781,385.2607,0.0,1148.7064,40.77612,369.74625,408.9683,39.222046
2016,TOT_CHL,0.3776769,0.12567979,-7.360024,40.234444,1.3000325,0.09664158,0.16746852,0.07082694
2017,u,-0.019358704,-0.004535759,-2.3544931,2.0960622,0.18989111,-0.090873,0.07202454,0.16289754
2017,v,-0.0033521855,0.0,-1.9216542,2.1608527,0.16678306,-0.081409365,0.076645546,0.15805492
2017,w,1.89183e-08,1.8632804e-09,-0.00017847322,0.00014053566,2.3176403e-06,-5.8294717e-07,6.246044e-07,1.2075516e-06
2017,temp,18.932821,19.812172,-1.8863875,32.259132,7.7029753,13.140753,25.8462,12.705448
2017,salt,33.942818,33.992325,12.555169,37.085545,1.1095135,33.125954,34.726788,1.6008339
2017,zeta,-0.08454243,-0.078131475,-1.6946406,1.2307812,0.2985285,-0.24749292,0.07911228,0.3266052
2017,NO3,4.9523454,2.8091753,-17.04801,171.82385,6.2321477,0.19879709,7.283434,7.0846367
2017,DIC,2063.8123,2063.5366,839.7855,2374.5044,59.277424,2032.8142,2093.2146,60.40039
2017,PCO2OC,396.7895,391.44562,0.0,1530.1599,44.30617,373.6013,416.94104,43.339752
2017,TOT_CHL,0.43971762,0.1283047,-9.430454,39.689598,1.4299088,0.09658902,0.17733048,0.08074146
2018,u,-0.012632896,-0.0028883875,-2.0466747,1.9908589,0.18474394,-0.08791487,0.07425813,0.162173
2018,v,0.0008972396,0.0,-1.7821172,2.040791,0.16668487,-0.07897671,0.07907688,0.15805359
2018,w,1.5673152e-08,1.7817766e-09,-0.00016183844,8.373166e-05,2.2937704e-06,-5.865479e-07,6.276104e-07,1.2141584e-06
2018,temp,19.069754,19.795687,-1.8799105,32.36503,7.525811,13.670224,25.72638,12.056155
2018,salt,33.937466,33.99023,12.94671,37.254505,1.1059991,33.16643,34.698135,1.531704
2018,zeta,-0.08561923,-0.07769822,-2.6193008,1.1677616,0.29517135,-0.24185188,0.07239326,0.31424513
2018,NO3,5.023325,2.8152413,-23.29851,183.53326,6.483409,0.24012963,7.3779407,7.137811
2018,DIC,2064.062,2065.6936,872.5011,2362.0874,59.724316,2032.2938,2093.6565,61.36267
2018,PCO2OC,398.4338,394.24222,0.0,1238.776,42.370647,376.51794,418.04367,41.525726
2018,TOT_CHL,0.4199659,0.13056152,-5.27893,38.394264,1.3349036,0.099460885,0.1819462,0.08248532
2019,u,-0.016425066,-0.0021219659,-2.1193268,2.2237568,0.18122457,-0.08592645,0.07207435,0.1580008
2019,v,0.00048304597,0.0,-1.8649654,1.9175464,0.1613089,-0.07768214,0.07770633,0.15538847
2019,w,1.6613157e-08,-1.1254185e-09,-0.00022940506,0.000105205676,2.2543945e-06,-5.8270433e-07,6.214309e-07,1.2041353e-06
2019,temp,19.28342,20.03538,-1.8798465,32.575714,7.5393534,13.732775,25.988277,12.255503
2019,salt,33.927063,34.001083,13.723142,37.476295,1.1014729,33.151287,34.681515,1.5302277
2019,zeta,-0.054214776,-0.04309004,-2.5343041,1.2981536,0.2926891,-0.20808212,0.11067266,0.3187548
2019,NO3,4.824681,2.8673136,-20.781427,188.94391,6.1454406,0.23944253,6.9539595,6.714517
2019,DIC,2062.037,2062.6326,925.54047,2372.9458,59.707294,2026.9521,2092.9182,65.966064
2019,PCO2OC,399.10757,393.72473,0.0,1544.482,43.775707,377.2082,418.1892,40.981018
2019,TOT_CHL,0.36518785,0.1276034,-6.4028726,36.535217,1.2350057,0.09723728,0.17019491,0.07295763
