year,variable,total nan,total values,percentage of nan
2000,angle,"<xarray.DataArray 'angle' ()> Size: 8B
array(0)
Attributes:
    long_name:  angle between XI-axis and EAST
    units:      radians
    field:      angle, scalar","<xarray.DataArray 'angle' ()> Size: 8B
array(312872)
Attributes:
    long_name:  angle between XI-axis and EAST
    units:      radians
    field:      angle, scalar","<xarray.DataArray 'angle' ()> Size: 8B
array(0.)
Attributes:
    long_name:  angle between XI-axis and EAST
    units:      radians
    field:      angle, scalar"
2000,DIC,"<xarray.DataArray 'DIC' ()> Size: 8B
array(31772826)
Attributes:
    long_name:  averaged Dissolved inorganic carbon
    units:      mMol C m-3","<xarray.DataArray 'DIC' ()> Size: 8B
array(82738326)
Attributes:
    long_name:  averaged Dissolved inorganic carbon
    units:      mMol C m-3","<xarray.DataArray 'DIC' ()> Size: 8B
array(0.27746491)
Attributes:
    long_name:  averaged Dissolved inorganic carbon
    units:      mMol C m-3"
2000,f,"<xarray.DataArray 'f' ()> Size: 8B
array(0)
Attributes:
    long_name:  Coriolis parameter at RHO-points
    units:      second-1
    field:      coriolis, scalar","<xarray.DataArray 'f' ()> Size: 8B
array(312872)
Attributes:
    long_name:  Coriolis parameter at RHO-points
    units:      second-1
    field:      coriolis, scalar","<xarray.DataArray 'f' ()> Size: 8B
array(0.)
Attributes:
    long_name:  Coriolis parameter at RHO-points
    units:      second-1
    field:      coriolis, scalar"
2000,h,"<xarray.DataArray 'h' ()> Size: 8B
array(0)
Attributes:
    long_name:  bathymetry at RHO-points
    units:      meter
    field:      bath, scalar","<xarray.DataArray 'h' ()> Size: 8B
array(312872)
Attributes:
    long_name:  bathymetry at RHO-points
    units:      meter
    field:      bath, scalar","<xarray.DataArray 'h' ()> Size: 8B
array(0.)
Attributes:
    long_name:  bathymetry at RHO-points
    units:      meter
    field:      bath, scalar"
2000,mask_rho,"<xarray.DataArray 'mask_rho' ()> Size: 8B
array(0)
Attributes:
    long_name:  mask on RHO-points
    option_0:   land
    option_1:   water","<xarray.DataArray 'mask_rho' ()> Size: 8B
array(312872)
Attributes:
    long_name:  mask on RHO-points
    option_0:   land
    option_1:   water","<xarray.DataArray 'mask_rho' ()> Size: 8B
array(0.)
Attributes:
    long_name:  mask on RHO-points
    option_0:   land
    option_1:   water"
2000,NO3,"<xarray.DataArray 'NO3' ()> Size: 8B
array(31772826)
Attributes:
    long_name:  averaged Nitrate
    units:      mMol N m-3","<xarray.DataArray 'NO3' ()> Size: 8B
array(82738326)
Attributes:
    long_name:  averaged Nitrate
    units:      mMol N m-3","<xarray.DataArray 'NO3' ()> Size: 8B
array(0.27746491)
Attributes:
    long_name:  averaged Nitrate
    units:      mMol N m-3"
2000,PCO2OC,"<xarray.DataArray 'PCO2OC' ()> Size: 8B
array(31772826)
Attributes:
    long_name:  averaged PCO2OC
    units:      not looked up yet","<xarray.DataArray 'PCO2OC' ()> Size: 8B
array(82738326)
Attributes:
    long_name:  averaged PCO2OC
    units:      not looked up yet","<xarray.DataArray 'PCO2OC' ()> Size: 8B
array(0.27746491)
Attributes:
    long_name:  averaged PCO2OC
    units:      not looked up yet"
2000,pm,"<xarray.DataArray 'pm' ()> Size: 8B
array(0)
Attributes:
    long_name:  curvilinear coordinate metric in XI
    units:      meter-1
    field:      pm, scalar","<xarray.DataArray 'pm' ()> Size: 8B
array(312872)
Attributes:
    long_name:  curvilinear coordinate metric in XI
    units:      meter-1
    field:      pm, scalar","<xarray.DataArray 'pm' ()> Size: 8B
array(0.)
Attributes:
    long_name:  curvilinear coordinate metric in XI
    units:      meter-1
    field:      pm, scalar"
2000,pn,"<xarray.DataArray 'pn' ()> Size: 8B
array(0)
Attributes:
    long_name:  curvilinear coordinate metric in ETA
    units:      meter-1
    field:      pn, scalar","<xarray.DataArray 'pn' ()> Size: 8B
array(312872)
Attributes:
    long_name:  curvilinear coordinate metric in ETA
    units:      meter-1
    field:      pn, scalar","<xarray.DataArray 'pn' ()> Size: 8B
array(0.)
Attributes:
    long_name:  curvilinear coordinate metric in ETA
    units:      meter-1
    field:      pn, scalar"
2000,salt,"<xarray.DataArray 'salt' ()> Size: 8B
array(31772826)
Attributes:
    long_name:  averaged salinity
    units:      PSU","<xarray.DataArray 'salt' ()> Size: 8B
array(82738326)
Attributes:
    long_name:  averaged salinity
    units:      PSU","<xarray.DataArray 'salt' ()> Size: 8B
array(0.27746491)
Attributes:
    long_name:  averaged salinity
    units:      PSU"
2000,temp,"<xarray.DataArray 'temp' ()> Size: 8B
array(31772826)
Attributes:
    long_name:  averaged potential temperature
    units:      Celsius","<xarray.DataArray 'temp' ()> Size: 8B
array(82738326)
Attributes:
    long_name:  averaged potential temperature
    units:      Celsius","<xarray.DataArray 'temp' ()> Size: 8B
array(0.27746491)
Attributes:
    long_name:  averaged potential temperature
    units:      Celsius"
2000,TOT_CHL,"<xarray.DataArray 'TOT_CHL' ()> Size: 8B
array(31772826)
Attributes:
    long_name:  averaged Total Chlorophyll
    units:      mg Chl/m3","<xarray.DataArray 'TOT_CHL' ()> Size: 8B
array(82738326)
Attributes:
    long_name:  averaged Total Chlorophyll
    units:      mg Chl/m3","<xarray.DataArray 'TOT_CHL' ()> Size: 8B
array(0.27746491)
Attributes:
    long_name:  averaged Total Chlorophyll
    units:      mg Chl/m3"
2000,u,"<xarray.DataArray 'u' ()> Size: 8B
array(31019964)
Attributes:
    long_name:  averaged u-momentum component
    units:      meter second-1","<xarray.DataArray 'u' ()> Size: 8B
array(83301600)
Attributes:
    long_name:  averaged u-momentum component
    units:      meter second-1","<xarray.DataArray 'u' ()> Size: 8B
array(0.27133957)
Attributes:
    long_name:  averaged u-momentum component
    units:      meter second-1"
2000,v,"<xarray.DataArray 'v' ()> Size: 8B
array(31051440)
Attributes:
    long_name:  2d-slice of averaged v-momentum component
    units:      meter second-1","<xarray.DataArray 'v' ()> Size: 8B
array(83238648)
Attributes:
    long_name:  2d-slice of averaged v-momentum component
    units:      meter second-1","<xarray.DataArray 'v' ()> Size: 8B
array(0.2716897)
Attributes:
    long_name:  2d-slice of averaged v-momentum component
    units:      meter second-1"
2000,w,"<xarray.DataArray 'w' ()> Size: 8B
array(31772826)
Attributes:
    long_name:  averaged vertical velocity
    units:      meter second-1","<xarray.DataArray 'w' ()> Size: 8B
array(82738326)
Attributes:
    long_name:  averaged vertical velocity
    units:      meter second-1","<xarray.DataArray 'w' ()> Size: 8B
array(0.27746491)
Attributes:
    long_name:  averaged vertical velocity
    units:      meter second-1"
2000,zeta,"<xarray.DataArray 'zeta' ()> Size: 8B
array(31772826)
Attributes:
    long_name:  averaged free-surface elevation
    units:      meter","<xarray.DataArray 'zeta' ()> Size: 8B
array(82738326)
Attributes:
    long_name:  averaged free-surface elevation
    units:      meter","<xarray.DataArray 'zeta' ()> Size: 8B
array(0.27746491)
Attributes:
    long_name:  averaged free-surface elevation
    units:      meter"
2000,spherical,"<xarray.DataArray 'spherical' ()> Size: 8B
array(0)","<xarray.DataArray 'spherical' ()> Size: 8B
array(1)","<xarray.DataArray 'spherical' ()> Size: 8B
array(0.)"
2000,3d,"<xarray.DataArray '3d' ()> Size: 8B
array(0)","<xarray.DataArray '3d' ()> Size: 8B
array(1)","<xarray.DataArray '3d' ()> Size: 8B
array(0.)"
2000,dx,"<xarray.DataArray 'dx' ()> Size: 8B
array(0)
Attributes:
    long_name:  inverse curvilinear coordinate metric in XI
    units:      meter
    field:      dx, scalar","<xarray.DataArray 'dx' ()> Size: 8B
array(312872)
Attributes:
    long_name:  inverse curvilinear coordinate metric in XI
    units:      meter
    field:      dx, scalar","<xarray.DataArray 'dx' ()> Size: 8B
array(0.)
Attributes:
    long_name:  inverse curvilinear coordinate metric in XI
    units:      meter
    field:      dx, scalar"
2000,dx_u,"<xarray.DataArray 'dx_u' ()> Size: 8B
array(0)
Attributes:
    long_name:  inverse curvilinear coordinate metric in XI on U grid
    units:      meter
    field:      dx_u, scalar","<xarray.DataArray 'dx_u' ()> Size: 8B
array(312354)
Attributes:
    long_name:  inverse curvilinear coordinate metric in XI on U grid
    units:      meter
    field:      dx_u, scalar","<xarray.DataArray 'dx_u' ()> Size: 8B
array(0.)
Attributes:
    long_name:  inverse curvilinear coordinate metric in XI on U grid
    units:      meter
    field:      dx_u, scalar"
2000,dx_v,"<xarray.DataArray 'dx_v' ()> Size: 8B
array(0)
Attributes:
    long_name:  inverse curvilinear coordinate metric in XI on V grid
    units:      meter
    field:      dx_v, scalar","<xarray.DataArray 'dx_v' ()> Size: 8B
array(312268)
Attributes:
    long_name:  inverse curvilinear coordinate metric in XI on V grid
    units:      meter
    field:      dx_v, scalar","<xarray.DataArray 'dx_v' ()> Size: 8B
array(0.)
Attributes:
    long_name:  inverse curvilinear coordinate metric in XI on V grid
    units:      meter
    field:      dx_v, scalar"
2000,dx_psi,"<xarray.DataArray 'dx_psi' ()> Size: 8B
array(0)
Attributes:
    long_name:  inverse curvilinear coordinate metric in XI on PSI grid
    units:      meter
    field:      dx_psi, scalar","<xarray.DataArray 'dx_psi' ()> Size: 8B
array(311751)
Attributes:
    long_name:  inverse curvilinear coordinate metric in XI on PSI grid
    units:      meter
    field:      dx_psi, scalar","<xarray.DataArray 'dx_psi' ()> Size: 8B
array(0.)
Attributes:
    long_name:  inverse curvilinear coordinate metric in XI on PSI grid
    units:      meter
    field:      dx_psi, scalar"
2000,dy,"<xarray.DataArray 'dy' ()> Size: 8B
array(0)
Attributes:
    long_name:  inverse curvilinear coordinate metric in ETA
    units:      meter
    field:      dy, scalar","<xarray.DataArray 'dy' ()> Size: 8B
array(312872)
Attributes:
    long_name:  inverse curvilinear coordinate metric in ETA
    units:      meter
    field:      dy, scalar","<xarray.DataArray 'dy' ()> Size: 8B
array(0.)
Attributes:
    long_name:  inverse curvilinear coordinate metric in ETA
    units:      meter
    field:      dy, scalar"
2000,dy_u,"<xarray.DataArray 'dy_u' ()> Size: 8B
array(0)
Attributes:
    long_name:  inverse curvilinear coordinate metric in ETA on U grid
    units:      meter
    field:      dy_u, scalar","<xarray.DataArray 'dy_u' ()> Size: 8B
array(312354)
Attributes:
    long_name:  inverse curvilinear coordinate metric in ETA on U grid
    units:      meter
    field:      dy_u, scalar","<xarray.DataArray 'dy_u' ()> Size: 8B
array(0.)
Attributes:
    long_name:  inverse curvilinear coordinate metric in ETA on U grid
    units:      meter
    field:      dy_u, scalar"
2000,dy_v,"<xarray.DataArray 'dy_v' ()> Size: 8B
array(0)
Attributes:
    long_name:  inverse curvilinear coordinate metric in ETA on V grid
    units:      meter
    field:      dy_v, scalar","<xarray.DataArray 'dy_v' ()> Size: 8B
array(312268)
Attributes:
    long_name:  inverse curvilinear coordinate metric in ETA on V grid
    units:      meter
    field:      dy_v, scalar","<xarray.DataArray 'dy_v' ()> Size: 8B
array(0.)
Attributes:
    long_name:  inverse curvilinear coordinate metric in ETA on V grid
    units:      meter
    field:      dy_v, scalar"
2000,dy_psi,"<xarray.DataArray 'dy_psi' ()> Size: 8B
array(0)
Attributes:
    long_name:  inverse curvilinear coordinate metric in ETA on PSI grid
    units:      meter
    field:      dy_psi, scalar","<xarray.DataArray 'dy_psi' ()> Size: 8B
array(311751)
Attributes:
    long_name:  inverse curvilinear coordinate metric in ETA on PSI grid
    units:      meter
    field:      dy_psi, scalar","<xarray.DataArray 'dy_psi' ()> Size: 8B
array(0.)
Attributes:
    long_name:  inverse curvilinear coordinate metric in ETA on PSI grid
    units:      meter
    field:      dy_psi, scalar"
2000,dA,"<xarray.DataArray 'dA' ()> Size: 8B
array(0)
Attributes:
    long_name:  area metric in XI and ETA on RHO grid
    units:      meter2
    field:      dA, scalar","<xarray.DataArray 'dA' ()> Size: 8B
array(312872)
Attributes:
    long_name:  area metric in XI and ETA on RHO grid
    units:      meter2
    field:      dA, scalar","<xarray.DataArray 'dA' ()> Size: 8B
array(0.)
Attributes:
    long_name:  area metric in XI and ETA on RHO grid
    units:      meter2
    field:      dA, scalar"
2000,rho0,"<xarray.DataArray 'rho0' ()> Size: 8B
array(0)","<xarray.DataArray 'rho0' ()> Size: 8B
array(1)","<xarray.DataArray 'rho0' ()> Size: 8B
array(0.)"
